{
  "project_info": {
    "project_number": "811755404107",
    "firebase_url": "https://my-application-eac0b.firebaseio.com",
    "project_id": "my-application-eac0b",
    "storage_bucket": "my-application-eac0b.appspot.com"
  },
  "client": [
    {
      "client_info": {
        "mobilesdk_app_id": "1:811755404107:android:8439392bfdc887d69e46ce",
        "android_client_info": {
          "package_name": "com.example.myapplication"
        }
      },
      "oauth_client": [
        {
          "client_id": "811755404107-4r0url24jcmtv8r9tn9m0n94b47alobd.apps.googleusercontent.com",
          "client_type": 1,
          "android_info": {
            "package_name": "com.example.myapplication",
            "certificate_hash": "a239baf69865123d16398359d0ed8df8e574d522"
          }
        },
        {
          "client_id": "811755404107-tdf7g14lf37003jno53k72l3qdb412ki.apps.googleusercontent.com",
          "client_type": 3
        }
      ],
      "api_key": [
        {
          "current_key": "AIzaSyAp5piWSHnsWF3a_6GAsnudyukNNOVrKU0"
        }
      ],
      "services": {
        "appinvite_service": {
          "other_platform_oauth_client": [
            {
              "client_id": "811755404107-tdf7g14lf37003jno53k72l3qdb412ki.apps.googleusercontent.com",
              "client_type": 3
            }
          ]
        }
      }
    }
  ],
  "configuration_version": "1"
}